Name,Age,Gender,Hours_Studied,IQ,Physics_Marks,Math_Marks,Chemistry_Marks,Has_Part_Time_Job,Age Group
Derek Smith,26,Female,6.596347261,98,68,100,43,TRUE,20 to 29
Christopher Boyle,37,Male,5.672202322,133,44,53,92,TRUE,30 to 39
Bradley Jones,19,Male,6.28258116,89,90,48,57,TRUE,10 to 19
Eric Martinez,21,Male,8.004422425,106,81,88,41,FALSE,20 to 29
Jennifer Ferrell,29,Female,4.322500944,88,41,83,85,TRUE,20 to 29
Ryan Rangel,40,Male,1.854120839,119,58,100,69,TRUE,40 to 49
Marcus King,31,Male,1.557850237,146,75,99,50,TRUE,30 to 39
Jeffrey Foster,30,Female,3.476792054,128,65,91,51,TRUE,30 to 39
Erika Powers,25,Male,5.845069619,133,70,62,43,TRUE,20 to 29
Christopher Thomas,21,Male,2.362735688,129,63,99,97,FALSE,20 to 29
Anna Burns,30,Female,7.987334227,136,81,50,59,FALSE,30 to 39
Kathleen Ward,27,Male,3.678297739,113,50,74,50,TRUE,20 to 29
Michelle Coleman,28,Female,8.891465055,97,55,40,51,TRUE,20 to 29
Kelly Martinez,43,Male,9.925119792,132,99,80,54,TRUE,40 to 49
Paul Young,39,Female,8.19030394,104,90,60,71,FALSE,30 to 39
Emily Oliver,24,Male,4.540682057,115,79,44,77,TRUE,20 to 29
Michael Spencer,36,Male,1.474673969,131,51,72,63,TRUE,30 to 39
Kathryn Glass,43,Female,6.306005904,112,85,80,95,FALSE,40 to 49
Tiffany Singh DVM,24,Male,4.718446731,149,69,60,71,TRUE,20 to 29
Denise Thomas,25,Female,7.469340361,129,81,43,84,FALSE,20 to 29
Christopher Jenkins,32,Male,5.929618571,128,67,45,97,FALSE,30 to 39
Sabrina Hawkins,41,Female,2.34818564,112,46,100,57,TRUE,40 to 49
Benjamin Fowler,34,Male,9.102864064,129,89,69,90,FALSE,30 to 39
James Bowman,45,Female,1.033164373,118,52,100,93,FALSE,40 to 49
Gregory Wilson,45,Male,8.849000019,120,51,91,75,TRUE,40 to 49
Tommy Mckenzie,43,Male,9.474594606,144,65,81,91,TRUE,40 to 49
Karla Myers,27,Male,5.477886334,127,82,98,54,TRUE,20 to 29
Erica Holmes,25,Female,5.687924691,143,92,64,57,FALSE,20 to 29
Dawn Turner,42,Female,2.772193767,111,56,90,54,TRUE,40 to 49
Theresa Kane,24,Male,6.668277326,113,98,95,95,TRUE,20 to 29
Tracy Meadows,39,Male,1.878992373,83,48,73,62,TRUE,30 to 39
Emily Hardin,36,Female,3.669716382,105,92,47,48,TRUE,30 to 39
Vincent Ortiz,20,Female,6.520004171,94,62,43,63,TRUE,20 to 29
Kenneth Thomas,35,Male,1.266611632,80,53,83,91,FALSE,30 to 39
Bailey Oneill,44,Male,3.731330078,82,80,83,63,FALSE,40 to 49
Michael Patrick,30,Female,9.704109445,148,74,100,78,TRUE,30 to 39
Jasmine Weeks,18,Female,7.949190751,106,41,80,97,TRUE,10 to 19
Sean Shepherd,33,Male,8.525534416,126,86,66,52,TRUE,30 to 39
Jacqueline Clarke,44,Female,6.434378865,86,73,81,88,TRUE,40 to 49
Kelly Wright,34,Male,4.152720479,116,55,57,52,FALSE,30 to 39
Monica Berger,22,Female,1.25268823,100,75,89,94,TRUE,20 to 29
Charles Hall,41,Female,9.773034939,126,51,85,84,FALSE,40 to 49
Brenda Grant,43,Female,4.635777541,128,44,62,85,TRUE,40 to 49
Jacob Henry,30,Female,5.700640767,86,59,100,63,FALSE,30 to 39
Angela Carr,35,Male,8.023937781,118,80,86,68,TRUE,30 to 39
Daniel Cook,29,Male,4.353340498,96,41,56,88,FALSE,20 to 29
Todd Miller,45,Male,9.301995528,103,64,50,49,FALSE,40 to 49
Allison Brown,43,Female,7.557785543,121,44,96,96,TRUE,40 to 49
Jim Johns,38,Male,9.296966486,129,53,64,55,TRUE,30 to 39
Amy Daniel,23,Female,7.307875199,123,85,54,96,TRUE,20 to 29
Michael Clark,27,Female,4.222350852,95,60,41,46,TRUE,20 to 29
Todd Taylor,25,Female,4.58259686,116,77,48,78,FALSE,20 to 29
Margaret Robinson,39,Female,4.466319599,84,89,88,97,TRUE,30 to 39
Mark Hunter,32,Male,9.486403964,150,58,56,44,FALSE,30 to 39
Kimberly Leonard,40,Male,1.140014524,110,48,43,88,TRUE,40 to 49
Joseph Taylor,21,Male,6.216709946,93,69,92,50,TRUE,20 to 29
Lisa Saunders,32,Male,9.490203461,113,75,95,46,TRUE,30 to 39
Zachary Gibson,21,Male,3.130029431,129,73,82,82,TRUE,20 to 29
Zachary Thomas,26,Female,4.061033465,108,85,41,75,FALSE,20 to 29
Michael Moses,22,Male,6.261819178,91,100,79,61,TRUE,20 to 29
Abigail Anderson,43,Male,1.319962328,94,59,74,82,TRUE,40 to 49
Samuel Clay,28,Male,6.73855231,106,67,81,55,TRUE,20 to 29
Carol Wilson,18,Male,6.268344562,131,43,97,78,TRUE,10 to 19
Kelly Kaiser,42,Male,2.276434183,101,90,97,77,TRUE,40 to 49
Omar Gutierrez,24,Female,9.725482317,119,98,86,66,TRUE,20 to 29
Eric Williams,26,Female,3.341560898,83,60,85,93,TRUE,20 to 29
Michelle Juarez,36,Male,5.561905512,140,61,94,42,FALSE,30 to 39
Chad Romero,34,Female,6.153000199,93,59,71,93,TRUE,30 to 39
Jerry Gomez,31,Male,2.310449281,145,78,73,45,FALSE,30 to 39
Paul Phillips,41,Female,3.129147259,80,45,66,77,TRUE,40 to 49
Holly Wilson,28,Male,7.158106791,143,48,76,97,TRUE,20 to 29
Jennifer Carroll MD,22,Male,2.36968285,83,86,74,72,TRUE,20 to 29
Jenna Roberts,21,Female,7.772279179,120,64,72,44,FALSE,20 to 29
Barbara Lynn,18,Female,6.782057231,126,65,58,48,TRUE,10 to 19
Victor Fox,39,Female,5.04724826,86,90,49,40,TRUE,30 to 39
Brent Williamson,34,Male,2.664916184,108,90,60,47,FALSE,30 to 39
Jessica Wallace,29,Female,5.372904191,123,63,73,85,TRUE,20 to 29
Robert Johnson,40,Female,3.520414698,133,100,57,90,FALSE,40 to 49
Steven Andersen,43,Female,9.397614872,134,78,45,50,FALSE,40 to 49
Jennifer Wright,28,Female,8.649227294,131,50,45,66,FALSE,20 to 29
Anna Davis,19,Female,1.491361592,95,84,93,75,FALSE,10 to 19
Hannah Perez,29,Female,8.529158486,87,47,68,77,TRUE,20 to 29
Peter Stewart,26,Female,9.290945445,99,96,95,93,FALSE,20 to 29
Annette Smith,26,Female,1.189034768,129,82,84,57,TRUE,20 to 29
Theresa Mendez,18,Female,5.625395707,102,65,86,80,FALSE,10 to 19
Jason Mcbride,45,Male,2.752607294,110,68,65,69,FALSE,40 to 49
Anthony Foster,21,Female,8.917242743,146,84,76,98,FALSE,20 to 29
Sheila Hanson,18,Female,6.463567406,80,62,46,90,TRUE,10 to 19
Karen Rodriguez,44,Female,4.01733623,135,92,89,61,TRUE,40 to 49
Taylor Malone,42,Female,9.82620077,118,71,84,58,FALSE,40 to 49
Heather Mejia,40,Male,2.112095002,132,77,45,51,TRUE,40 to 49
Michael Walker,21,Male,7.513460086,130,97,45,91,FALSE,20 to 29
Kerri Morris,36,Female,7.698630194,99,62,66,63,FALSE,30 to 39
Henry Lee,39,Male,3.311104812,131,57,47,77,FALSE,30 to 39
Charles Barajas,42,Female,8.639542936,90,47,57,67,FALSE,40 to 49
Dr. Anthony Moore,45,Male,9.359339148,137,70,48,96,TRUE,40 to 49
Jennifer Thompson,26,Female,8.523082167,104,44,83,100,FALSE,20 to 29
Kerry Richardson,19,Male,1.51113575,116,83,47,55,FALSE,10 to 19
Melinda Christian,33,Male,4.713355173,117,59,48,51,FALSE,30 to 39
Jennifer Parsons,29,Male,7.281835765,104,40,65,46,TRUE,20 to 29
David Holmes,23,Male,3.526926841,102,99,74,91,TRUE,20 to 29
Michele Dawson,18,Female,6.513114015,114,84,84,63,TRUE,10 to 19
Eric Rodriguez,26,Male,5.143787339,131,95,80,40,TRUE,20 to 29
Brandy Rhodes,37,Female,5.235852717,140,99,68,69,TRUE,30 to 39
Matthew Blake,24,Female,9.080058915,83,72,70,89,FALSE,20 to 29
Timothy Riley,20,Male,7.770638878,106,82,44,56,TRUE,20 to 29
James Bell,24,Male,1.885018818,88,98,100,71,TRUE,20 to 29
William Wilson,40,Female,4.111704697,130,45,64,46,TRUE,40 to 49
Brooke Ward,41,Male,6.230188372,95,99,48,81,FALSE,40 to 49
Diana Branch,38,Female,4.458234516,89,55,44,61,FALSE,30 to 39
Charles Smith,41,Female,8.16402043,128,60,80,47,FALSE,40 to 49
Becky White,25,Male,1.003157689,125,58,44,77,TRUE,20 to 29
Jennifer Turner,18,Male,2.528794882,107,52,63,61,TRUE,10 to 19
Ms. Amanda Freeman,21,Female,3.913251883,92,91,62,51,TRUE,20 to 29
Jennifer Palmer,42,Male,4.282744334,109,74,95,98,FALSE,40 to 49
Jacob Gibbs,21,Male,4.125255514,125,46,60,42,TRUE,20 to 29
Elizabeth Ferguson,37,Male,8.84506663,129,87,98,53,TRUE,30 to 39
Kevin Simon,21,Female,1.593468468,140,42,43,52,FALSE,20 to 29
Katherine Farmer,28,Female,2.982337949,139,59,81,73,FALSE,20 to 29
Jamie Kidd,37,Male,3.243400715,141,50,87,77,FALSE,30 to 39
Edward Stephens,19,Male,2.781059019,147,57,75,92,TRUE,10 to 19
Emily Wilson,44,Male,8.863789876,114,84,61,57,TRUE,40 to 49
John Cook,45,Male,6.632616872,129,61,95,100,FALSE,40 to 49
James Ortiz,26,Female,6.821645763,114,71,96,64,TRUE,20 to 29
Kevin Ferguson,27,Female,3.404731772,111,65,89,69,FALSE,20 to 29
Daniel Rios,22,Male,2.932972045,123,85,54,66,TRUE,20 to 29
Martin Woodard,28,Female,8.533647181,93,99,59,80,FALSE,20 to 29
John Carpenter,29,Female,8.380407274,136,59,59,91,FALSE,20 to 29
Jordan Hampton,34,Male,4.569941877,121,92,85,82,FALSE,30 to 39
James Campbell,24,Female,7.314580158,125,91,62,82,FALSE,20 to 29
Kimberly Evans,36,Female,2.038380629,89,72,41,84,TRUE,30 to 39
Kimberly Ingram,41,Female,1.835705563,142,96,86,77,TRUE,40 to 49
Leroy Cole,41,Female,3.707591366,88,91,65,65,FALSE,40 to 49
Crystal Mcdowell,39,Female,3.913371286,91,52,76,77,FALSE,30 to 39
Daniel Chapman,23,Female,4.642315685,119,78,48,89,FALSE,20 to 29
Traci Chambers,28,Female,6.768783498,88,92,55,73,FALSE,20 to 29
Thomas Barnes,20,Male,2.966299896,91,64,54,99,TRUE,20 to 29
Carlos Robinson,23,Female,9.100714304,113,92,96,54,FALSE,20 to 29
Keith Riggs,44,Female,4.320917,97,53,77,82,TRUE,40 to 49
Alyssa Patel,35,Female,9.65906171,113,54,70,69,FALSE,30 to 39
Danielle Booth,20,Female,2.242967661,84,96,89,78,TRUE,20 to 29
Christina Cain,22,Male,6.028579604,132,100,80,83,FALSE,20 to 29
Jessica Lee,28,Male,4.89642312,135,82,84,52,TRUE,20 to 29
Samuel Jenkins,23,Female,5.207279174,120,70,80,68,TRUE,20 to 29
Julia Lang,40,Female,3.932092966,144,40,86,97,TRUE,40 to 49
David Gregory,42,Female,5.132051744,127,43,67,88,FALSE,40 to 49
Amy Edwards,39,Female,8.168521905,89,87,52,83,FALSE,30 to 39
Bruce Silva,27,Male,5.861406584,87,60,86,99,TRUE,20 to 29
Ryan Johnson,25,Female,9.370324897,135,49,83,47,FALSE,20 to 29
Joshua Brown,43,Female,8.811139261,88,56,84,74,TRUE,40 to 49
James Allen,38,Female,8.15467391,125,42,51,96,FALSE,30 to 39
Glenn Schmitt,31,Male,2.781407474,87,87,90,87,FALSE,30 to 39
Frederick May,42,Male,3.047930173,110,52,51,64,TRUE,40 to 49
Wesley Hubbard,29,Male,9.458996817,98,84,64,72,FALSE,20 to 29
Yesenia Frazier,25,Male,6.978195711,102,72,71,65,TRUE,20 to 29
Aaron Herrera,37,Male,6.572412981,103,64,52,40,TRUE,30 to 39
Elizabeth Ryan,20,Female,6.679313198,148,99,67,58,FALSE,20 to 29
Alison Jones,26,Female,4.471425873,132,83,82,96,TRUE,20 to 29
Lisa Pham,20,Male,4.180492899,116,85,67,77,FALSE,20 to 29
Alexander Mccormick,38,Female,5.003433429,143,46,83,46,TRUE,30 to 39
Mark Williams,40,Female,1.569662314,113,75,75,88,FALSE,40 to 49
Laura Harvey,18,Male,7.651181864,133,72,80,72,TRUE,10 to 19
Courtney Reeves,34,Male,2.521930044,95,40,43,95,TRUE,30 to 39
Sandra Mendez,32,Female,6.890795447,108,79,77,48,TRUE,30 to 39
Alicia Moore,34,Male,3.188427114,93,95,96,80,FALSE,30 to 39
Kaitlyn Hawkins,40,Male,4.631637716,134,78,56,64,TRUE,40 to 49
Bryan Owens,22,Male,6.641189311,97,86,72,40,FALSE,20 to 29
Christopher Rodgers,29,Male,9.004753063,144,88,75,88,TRUE,20 to 29
Richard Rhodes,44,Female,6.214072531,80,93,78,49,FALSE,40 to 49
Danielle Wilcox,27,Female,5.056896809,131,69,97,99,TRUE,20 to 29
Amanda Poole,20,Male,3.682413809,116,71,53,98,TRUE,20 to 29
Michael Stewart,22,Male,2.711811583,145,47,95,81,FALSE,20 to 29
Hayley Brown,41,Female,1.02561115,119,86,87,62,FALSE,40 to 49
Lori Davis,38,Female,1.142517027,125,47,69,91,TRUE,30 to 39
Miguel Morgan,44,Male,2.04719846,135,77,91,46,FALSE,40 to 49
Troy Ortiz,20,Female,5.314528683,100,44,76,78,TRUE,20 to 29
Keith Hudson,37,Male,8.313749545,148,85,89,88,TRUE,30 to 39
Haley James,42,Female,9.845955015,138,47,99,97,TRUE,40 to 49
Jason Garrett,25,Male,1.727867134,131,86,49,93,TRUE,20 to 29
Stephanie Marsh,43,Male,7.691247459,130,82,47,41,FALSE,40 to 49
Ronald Perkins,33,Male,7.848179555,96,78,62,75,FALSE,30 to 39
Christopher Moore,39,Female,8.081310609,122,74,74,95,TRUE,30 to 39
Jack Conley,22,Male,2.636203454,87,81,48,69,FALSE,20 to 29
Brenda Wilcox,39,Male,9.968419682,135,47,75,77,FALSE,30 to 39
William Valdez,27,Female,2.02130648,110,69,69,54,TRUE,20 to 29
Felicia Williamson,29,Male,5.417051974,136,98,63,70,FALSE,20 to 29
Laura Walker,26,Male,4.49085877,107,40,85,89,FALSE,20 to 29
Christopher Anderson,44,Male,7.528217792,83,67,92,47,FALSE,40 to 49
Austin Hardy,41,Female,4.382305949,137,70,94,51,FALSE,40 to 49
April Conrad,43,Male,9.059846882,137,81,52,100,TRUE,40 to 49
Rhonda Powers,22,Female,5.983559103,145,71,84,96,FALSE,20 to 29
Daniel Murphy,21,Male,5.552497477,150,49,59,100,TRUE,20 to 29
Stephanie Johnson,36,Male,1.452107562,144,79,82,52,FALSE,30 to 39
Lori Wolfe,20,Male,8.802234048,136,71,46,74,FALSE,20 to 29
Melissa Boone,40,Male,5.65982764,117,90,92,69,TRUE,40 to 49
Robert Wong,26,Female,1.620374425,105,95,46,89,FALSE,20 to 29
Dr. John Farrell,45,Male,8.807212971,113,83,79,66,FALSE,40 to 49
Kelly Smith,26,Female,6.940333959,138,79,58,83,TRUE,20 to 29
Cody Delgado,21,Male,2.372716896,106,58,48,70,FALSE,20 to 29
Brittany Myers,23,Female,9.66782475,136,96,63,47,FALSE,20 to 29
Peter Miller,25,Male,1.4415018,90,73,70,66,FALSE,20 to 29
Mariah James,32,Female,1.221501353,93,70,49,97,TRUE,30 to 39
Amanda Wallace,20,Female,7.373520021,143,48,83,43,TRUE,20 to 29
Miss Rachel Valencia,39,Female,8.061408772,94,82,64,49,TRUE,30 to 39
Patrick Stewart,30,Male,5.738416348,128,53,45,67,FALSE,30 to 39
Heather White,20,Male,6.235304443,118,96,84,90,TRUE,20 to 29
Tina Ortiz,33,Female,8.05133134,137,46,51,88,TRUE,30 to 39
Nathan Roberson,29,Female,5.238833592,110,53,82,55,TRUE,20 to 29
Alexis Compton,42,Male,3.414813532,131,73,50,73,TRUE,40 to 49
Breanna Silva,18,Female,4.566762472,120,92,85,94,TRUE,10 to 19
Heather Brock,23,Female,6.732336892,104,96,75,68,FALSE,20 to 29
Tracy Hoover,45,Male,5.455469746,132,42,59,62,TRUE,40 to 49
Joseph Cortez,37,Male,8.981893705,95,48,72,89,FALSE,30 to 39
Caitlyn Moreno,21,Male,3.259211586,121,68,100,63,TRUE,20 to 29
Alyssa Zuniga,39,Male,3.601412627,146,95,52,85,FALSE,30 to 39
Evelyn Oneal,28,Male,7.289721791,86,79,43,86,FALSE,20 to 29
Nicole Walker,42,Female,8.359035968,144,93,89,78,FALSE,40 to 49
Breanna Wright,42,Female,8.393525252,125,51,75,94,TRUE,40 to 49
Robert Nelson,22,Male,8.686292848,107,61,97,80,FALSE,20 to 29
Stephanie Daugherty,20,Female,5.9030559,93,48,69,75,FALSE,20 to 29
Tracey Gutierrez,28,Female,5.857341582,129,57,95,44,TRUE,20 to 29
Brooke Thomas,35,Female,6.067809577,111,52,43,71,TRUE,30 to 39
Stacy Evans,27,Female,6.764363208,108,40,89,43,TRUE,20 to 29
David Brown,31,Male,2.077605366,137,60,74,45,TRUE,30 to 39
Jessica Spears,19,Male,6.990349914,134,78,50,75,TRUE,10 to 19
Melvin Glass,34,Male,8.567738011,143,56,52,51,TRUE,30 to 39
Ricardo Martin,33,Female,5.417390589,143,78,98,84,TRUE,30 to 39
Monica Ramirez,32,Male,9.997769278,91,61,77,55,TRUE,30 to 39
Evelyn Cook,42,Male,8.297481196,146,86,58,83,TRUE,40 to 49
James Frye DDS,38,Female,1.222423249,148,43,45,81,TRUE,30 to 39
Holly Ward,19,Male,9.782647985,102,77,61,81,TRUE,10 to 19
Eric Ramsey,36,Female,5.440059133,121,71,84,67,TRUE,30 to 39
Jay Santiago,42,Female,6.042927116,115,69,42,44,TRUE,40 to 49
Mitchell Merritt,21,Male,1.22931795,137,93,93,80,FALSE,20 to 29
Audrey Lee,19,Male,8.945687319,101,90,73,74,TRUE,10 to 19
Kayla Rose,43,Male,3.2456896,147,50,69,43,TRUE,40 to 49
Daniel Owens,24,Female,2.58030531,126,77,42,87,FALSE,20 to 29
Brittany Morrow,45,Female,2.68049783,113,72,61,83,TRUE,40 to 49
Rachel Mccann,39,Male,6.926571102,106,60,92,57,TRUE,30 to 39
Devin Murphy,45,Female,2.899185708,118,47,55,58,FALSE,40 to 49
Phyllis Lee,21,Male,1.842235616,102,75,87,83,TRUE,20 to 29
Billy Morris,21,Female,4.702884078,124,59,47,76,TRUE,20 to 29
Kristin Roman,38,Female,2.526471982,140,41,94,67,FALSE,30 to 39
Russell Tapia,27,Male,2.066060162,137,83,58,52,TRUE,20 to 29
Devon Oliver,38,Male,3.947483056,122,69,61,78,TRUE,30 to 39
Katherine Morrison,26,Female,4.870726288,102,53,96,52,TRUE,20 to 29
Madison Krause,28,Female,6.598504554,104,54,40,69,TRUE,20 to 29
Andre Ward,33,Male,1.118468096,119,71,65,55,FALSE,30 to 39
Richard Anderson,25,Female,4.600359754,134,62,93,66,TRUE,20 to 29
Thomas Li,25,Female,6.305432637,135,66,67,69,FALSE,20 to 29
Christopher Chavez,26,Male,1.024060897,85,80,70,78,FALSE,20 to 29
David Gonzalez,35,Female,1.43203143,128,95,60,82,FALSE,30 to 39
Stacey Collier,34,Male,6.254987706,94,79,63,97,FALSE,30 to 39
Kathryn Matthews,37,Female,4.165907306,113,43,64,74,FALSE,30 to 39
Thomas Harvey,35,Female,4.152313628,137,63,88,71,FALSE,30 to 39
Stephen Williams,20,Male,6.283899672,123,93,41,97,TRUE,20 to 29
Brittany Paul,29,Male,2.046936627,146,67,42,58,FALSE,20 to 29
Mr. Jim Marshall MD,25,Female,4.664860558,138,46,48,62,FALSE,20 to 29
Emily Washington,41,Male,3.834299561,142,73,72,82,FALSE,40 to 49
Bryan Hernandez,37,Female,6.482793204,97,87,59,92,FALSE,30 to 39
Kristina Francis,41,Male,7.335618459,110,84,66,93,TRUE,40 to 49
Robert Bradshaw,27,Female,7.438823154,112,90,69,72,TRUE,20 to 29
David Garcia,44,Male,1.271511955,80,46,61,96,FALSE,40 to 49
Courtney Davis,35,Female,3.416108683,111,47,89,44,TRUE,30 to 39
Grace Carter,29,Male,3.651025909,86,77,84,44,TRUE,20 to 29
Megan Robinson,38,Male,3.362549373,120,42,80,62,TRUE,30 to 39
Tonya Burton,26,Male,2.738814097,137,86,53,62,TRUE,20 to 29
Brett Crane,31,Female,2.430239387,125,49,69,47,FALSE,30 to 39
Sean Casey,21,Male,7.503275046,95,65,80,44,FALSE,20 to 29
Thomas Small,36,Female,8.755634159,141,41,97,85,FALSE,30 to 39
Valerie Davis,26,Female,1.346095606,117,98,99,67,TRUE,20 to 29
Zachary Shannon,28,Male,5.082769842,92,55,48,74,TRUE,20 to 29
Dawn Matthews,27,Male,8.900959873,135,70,57,86,TRUE,20 to 29
Jessica Frye,33,Male,6.144451387,92,54,52,48,FALSE,30 to 39
Brett Anderson,28,Female,6.732978093,103,54,97,55,FALSE,20 to 29
Timothy Jenkins,39,Female,6.483393156,113,80,88,88,FALSE,30 to 39
Ronnie Burton,24,Female,2.066919121,98,63,52,75,TRUE,20 to 29
Tammy Watkins,37,Male,7.293241436,83,86,40,83,TRUE,30 to 39
Nathaniel Irwin,28,Female,9.939918391,86,53,40,57,FALSE,20 to 29
Sonya Russell,28,Female,7.83006245,89,90,54,92,TRUE,20 to 29
Clayton Smith,36,Female,1.265815526,132,100,76,91,FALSE,30 to 39
William Hamilton,21,Male,3.07809634,136,87,73,86,TRUE,20 to 29
Cheryl Reyes,29,Female,4.498461621,148,51,90,44,TRUE,20 to 29
Michael Brown,35,Female,5.138411636,122,43,93,45,TRUE,30 to 39
John Moody,19,Female,3.169717559,143,100,58,48,FALSE,10 to 19
Kayla Thompson,44,Female,2.439661049,114,75,83,86,TRUE,40 to 49
Nicholas Hahn,38,Male,3.878823128,86,44,41,59,FALSE,30 to 39
Timothy Roth,33,Female,7.93248167,107,67,48,93,FALSE,30 to 39
Amber Bryan,42,Male,5.980300995,85,55,48,51,FALSE,40 to 49
Jennifer Williams,20,Female,1.987971329,132,70,71,65,FALSE,20 to 29
Melissa Frazier,44,Male,7.365645686,114,63,84,99,TRUE,40 to 49
Kelly Fisher,34,Male,8.116959409,103,91,96,53,TRUE,30 to 39
Michael Lee,37,Female,7.197807519,102,80,65,80,FALSE,30 to 39
Tracy Graham,26,Female,2.817231877,95,49,41,97,TRUE,20 to 29
Randall Evans,37,Female,2.173780075,114,50,90,91,FALSE,30 to 39
Robert Espinoza,27,Male,7.3875951,118,90,76,88,TRUE,20 to 29
Brittany Pacheco,28,Male,3.009728804,112,68,69,66,FALSE,20 to 29
Daniel Owen,41,Male,4.196509476,91,91,66,42,TRUE,40 to 49
Ashley Bishop,43,Female,3.97477455,85,46,80,95,FALSE,40 to 49
Daryl Hayes,26,Male,2.055275834,126,91,85,100,FALSE,20 to 29
Maria Oliver DVM,22,Male,4.411326911,118,71,84,47,FALSE,20 to 29
Martin Salinas,36,Female,6.027085552,136,51,41,55,TRUE,30 to 39
Jonathan Ali,42,Male,9.058160246,99,51,73,73,FALSE,40 to 49
Christopher Garcia,18,Female,6.501795224,148,77,70,83,FALSE,10 to 19
Timothy Howard,35,Female,1.479142425,110,42,76,68,FALSE,30 to 39
Steven Clay,43,Male,3.991630796,110,77,75,99,FALSE,40 to 49
Victor Wilson,28,Male,6.324442136,114,58,70,82,FALSE,20 to 29
David Garcia,30,Female,3.083229059,102,87,71,52,FALSE,30 to 39
Jason Perez,21,Male,7.316643157,134,90,44,82,FALSE,20 to 29
Brian Mckinney,26,Male,7.458841852,96,48,90,75,TRUE,20 to 29
Amanda Morrison,22,Female,5.818311605,90,44,71,98,FALSE,20 to 29
Tonya Huff,39,Male,5.385655022,113,83,55,100,FALSE,30 to 39
Marissa Combs,34,Female,1.872658607,116,60,78,70,FALSE,30 to 39
Christopher Hicks,27,Female,3.478022393,128,78,87,56,FALSE,20 to 29
Lee Simmons,26,Male,1.454155196,105,95,59,59,TRUE,20 to 29
Kendra White,32,Female,5.940151188,91,61,89,52,FALSE,30 to 39
Ronald Anderson,22,Male,8.669866595,133,96,44,72,FALSE,20 to 29
Karen Walker,19,Male,8.563054109,97,75,91,52,TRUE,10 to 19
Suzanne Torres,18,Male,7.511029771,118,61,84,62,FALSE,10 to 19
Jennifer Snyder,34,Male,6.297558603,107,99,73,40,TRUE,30 to 39
Lisa Green,39,Male,3.575292939,119,56,58,91,FALSE,30 to 39
Stephen Silva,36,Male,9.543059571,134,42,50,76,TRUE,30 to 39
Jim Mcdaniel,25,Male,7.243010707,141,69,88,40,TRUE,20 to 29
Kevin Mcpherson,40,Female,3.892052156,81,77,73,83,FALSE,40 to 49
Brian Martin,33,Female,5.858780666,99,90,42,48,TRUE,30 to 39
Annette Wilson,30,Male,7.961868332,121,80,52,58,TRUE,30 to 39
Jonathan Mendez,32,Male,9.2113503,93,86,86,80,FALSE,30 to 39
Kathryn Bautista,36,Female,9.658464711,81,94,77,70,TRUE,30 to 39
Julie Moore,22,Male,2.280271032,105,77,48,45,FALSE,20 to 29
Joel Fisher,33,Male,5.868892774,133,93,76,98,FALSE,30 to 39
Manuel Thomas,29,Male,4.823233512,124,46,55,49,FALSE,20 to 29
Benjamin Lloyd,43,Female,3.096764883,87,46,60,65,FALSE,40 to 49
Lauren Reed,27,Male,7.781688916,107,83,94,72,FALSE,20 to 29
Xavier Murphy,19,Female,4.136595628,132,42,49,71,FALSE,10 to 19
Jonathan Gonzalez,38,Male,6.61100951,110,87,75,49,TRUE,30 to 39
Lisa Martin,44,Female,2.31300112,107,100,72,84,FALSE,40 to 49
Brian Price,42,Male,7.904040951,82,61,49,62,TRUE,40 to 49
Jessica Walker,42,Male,2.926218098,122,77,50,40,TRUE,40 to 49
Joshua Vang,45,Female,6.928590412,102,79,52,100,FALSE,40 to 49
Jeffrey Alvarez,34,Female,6.582741852,117,85,64,66,FALSE,30 to 39
Natasha Vance,31,Male,7.911036593,80,56,55,53,FALSE,30 to 39
Madison Willis,45,Female,2.13543883,109,45,77,83,FALSE,40 to 49
Travis Vaughn,42,Female,2.94135532,110,58,67,100,TRUE,40 to 49
Lauren Miller,23,Male,2.897022216,135,63,86,49,TRUE,20 to 29
Michael Russell,18,Female,5.683661192,103,78,85,66,FALSE,10 to 19
Kimberly Oliver,43,Male,1.678019693,132,54,74,89,TRUE,40 to 49
Melinda Daniels,35,Female,2.489865762,115,93,78,84,TRUE,30 to 39
Mary Marshall,36,Male,2.94289251,108,57,100,80,FALSE,30 to 39
Wanda Hurst,41,Female,4.759085751,99,47,73,99,TRUE,40 to 49
Wanda Townsend,42,Male,3.284365024,104,54,47,88,FALSE,40 to 49
Damon Love,24,Male,9.690731396,110,54,74,66,TRUE,20 to 29
Mrs. Stephanie Jones,26,Male,4.915633798,127,88,82,93,TRUE,20 to 29
Valerie Wilson,27,Female,6.497050109,109,62,92,55,TRUE,20 to 29
Mark Kelley,45,Female,6.673522051,136,75,100,96,TRUE,40 to 49
Roy Marsh,42,Male,3.158717559,147,91,63,53,TRUE,40 to 49
Dustin Thomas,30,Female,2.908351149,94,50,68,83,TRUE,30 to 39
Sean Gomez,29,Male,2.481404545,83,78,85,87,FALSE,20 to 29
Michael Brooks,29,Female,1.342137252,142,47,76,89,TRUE,20 to 29
Steven Blake,44,Female,6.569974086,107,92,90,91,FALSE,40 to 49
Travis Barry,34,Female,4.13353426,109,87,40,62,FALSE,30 to 39
Laura Pineda,44,Female,1.241985392,122,45,81,52,FALSE,40 to 49
Andrea Wright,25,Female,6.957547524,145,69,76,50,FALSE,20 to 29
Mr. Christopher Ellis Jr.,27,Male,3.945470757,121,52,42,51,FALSE,20 to 29
Wendy Duncan,42,Female,4.844353762,119,91,44,73,TRUE,40 to 49
Kimberly Morgan,25,Female,5.310230398,92,58,95,75,TRUE,20 to 29
Jessica Wilson,36,Female,5.849701331,123,54,40,58,FALSE,30 to 39
David Brewer,35,Female,4.700774341,133,40,84,96,FALSE,30 to 39
Benjamin Townsend,39,Female,8.138156871,82,65,94,92,TRUE,30 to 39
Heather Wallace,42,Male,1.269962756,138,91,68,74,FALSE,40 to 49
Sean Spence,41,Female,1.876503963,125,55,44,86,TRUE,40 to 49
Chad Garcia,34,Female,4.688248876,127,48,95,56,TRUE,30 to 39
Nicholas Castro,34,Male,1.739030809,137,72,44,51,FALSE,30 to 39
Angelica Martin,26,Male,7.995010986,119,49,73,65,TRUE,20 to 29
Kristopher Collins,38,Male,7.788910859,97,91,41,87,TRUE,30 to 39
William Simpson,29,Female,1.573263854,145,75,82,51,FALSE,20 to 29
Douglas Alvarado,39,Female,4.012418532,135,83,71,78,FALSE,30 to 39
Yvonne Lopez,25,Male,3.618046531,90,54,41,58,TRUE,20 to 29
Cathy Davis,32,Female,6.255642325,83,98,48,97,FALSE,30 to 39
David Hansen,42,Male,7.321685271,139,43,84,42,FALSE,40 to 49
Angela Burns,40,Female,6.438009064,124,73,57,48,FALSE,40 to 49
Teresa King,26,Female,3.749055206,86,71,96,43,FALSE,20 to 29
Andrew Roberts,26,Female,7.485020499,122,82,100,75,FALSE,20 to 29
Charles Brown,29,Male,7.030475022,93,81,95,95,FALSE,20 to 29
Kristy Perry,20,Male,3.301604985,138,47,71,81,FALSE,20 to 29
Erika Kim,29,Male,2.826689841,140,69,43,45,FALSE,20 to 29
Emily Lamb,24,Female,6.481757677,142,70,67,66,TRUE,20 to 29
Megan Rose,22,Female,3.362270347,115,48,78,92,FALSE,20 to 29
Christopher Doyle,30,Female,2.264440053,110,48,79,49,FALSE,30 to 39
Kevin Garcia,39,Female,9.284166857,107,74,66,86,FALSE,30 to 39
Jacob Davidson PhD,38,Female,5.504462743,149,91,83,94,FALSE,30 to 39
Brett Lopez,27,Female,7.013312542,130,74,67,80,FALSE,20 to 29
Brittany Brady,38,Male,1.674459322,136,65,98,98,TRUE,30 to 39
Christopher Perez,39,Female,6.610673167,89,80,63,73,TRUE,30 to 39
Julie Jimenez,40,Male,5.063453841,93,88,58,73,TRUE,40 to 49
Timothy Ramos,45,Female,2.162409666,135,81,77,48,FALSE,40 to 49
Connie Jones,38,Male,7.081200451,124,74,60,57,FALSE,30 to 39
Amanda Walton,36,Female,4.366846528,84,89,74,71,FALSE,30 to 39
Lee Mejia,23,Female,8.135400014,107,67,47,59,TRUE,20 to 29
Kimberly Long,43,Male,1.923965504,143,59,79,64,FALSE,40 to 49
Thomas Gibson,26,Female,7.867753104,92,52,100,92,TRUE,20 to 29
Keith Mueller,45,Female,4.324211613,109,78,70,86,TRUE,40 to 49
Brittany Johnson,40,Male,9.080753603,100,88,55,68,FALSE,40 to 49
Anna Webb,27,Male,1.572887838,137,63,70,93,FALSE,20 to 29
Jessica Hart,28,Female,7.250309368,143,87,71,61,TRUE,20 to 29
Samantha Marsh,29,Male,6.603329293,101,94,96,64,TRUE,20 to 29
David Daugherty,25,Male,5.527880812,130,63,74,88,FALSE,20 to 29
Donald Cameron,45,Male,3.363321539,89,84,79,62,TRUE,40 to 49
Elizabeth Gonzalez,34,Male,5.659658898,90,89,53,66,TRUE,30 to 39
Lori Grimes,29,Female,9.087303796,93,50,65,46,FALSE,20 to 29
Jessica Hanna,21,Male,4.240331626,123,71,57,88,FALSE,20 to 29
Juan Wilson,32,Female,9.457855438,143,68,56,79,FALSE,30 to 39
Jimmy White,34,Male,8.858234302,117,71,89,75,FALSE,30 to 39
Bryan Smith,31,Male,4.311830845,126,40,85,66,FALSE,30 to 39
Tammy Alexander,38,Male,4.394839831,97,89,97,80,TRUE,30 to 39
Sarah Thomas,18,Male,3.304989696,143,48,90,65,FALSE,10 to 19
April English,35,Male,3.202215547,123,88,56,68,TRUE,30 to 39
Tyrone Hanson,33,Female,1.595607131,97,74,54,51,FALSE,30 to 39
Jason White,44,Female,7.007039429,110,48,68,65,FALSE,40 to 49
Jason Leon,36,Female,5.383821008,85,46,95,100,TRUE,30 to 39
Melissa Hernandez,33,Female,2.310228948,92,85,58,77,FALSE,30 to 39
Renee Parsons,38,Female,6.378608627,93,54,90,79,FALSE,30 to 39
Laura Bentley,37,Male,6.72149681,129,68,80,76,TRUE,30 to 39
Ryan Clark,45,Male,7.802608425,116,94,77,82,FALSE,40 to 49
Paul Garcia,38,Female,8.340976202,117,60,80,91,FALSE,30 to 39
Jennifer Mcdonald,18,Female,3.946159291,99,69,54,81,FALSE,10 to 19
Deanna Jennings,31,Female,4.612913038,142,98,81,76,TRUE,30 to 39
Michael Miller,21,Female,5.067410085,141,43,61,96,FALSE,20 to 29
Ricky Greene,40,Female,2.891924568,103,71,73,51,TRUE,40 to 49
Lisa Ford DVM,38,Male,4.9286412,123,61,84,49,TRUE,30 to 39
Amy Vega,21,Male,9.48327046,80,81,70,66,FALSE,20 to 29
Crystal Scott,34,Male,1.394612643,135,75,71,78,FALSE,30 to 39
Mary Lawson,44,Female,8.221902842,141,87,54,82,FALSE,40 to 49
Angelica Daniel,29,Male,9.542225762,96,88,54,93,FALSE,20 to 29
Jerry Merritt,26,Male,1.718232053,86,98,99,77,FALSE,20 to 29
Cynthia Powell,19,Male,5.989083867,132,58,67,78,FALSE,10 to 19
Anna Harris,28,Female,7.141049738,118,46,84,87,FALSE,20 to 29
Jessica Gonzalez,28,Female,5.767338665,88,89,61,92,TRUE,20 to 29
Allison Mcmahon,19,Male,4.822626938,119,46,75,71,FALSE,10 to 19
Lauren Jimenez,32,Male,6.091204615,93,52,89,77,TRUE,30 to 39
Haley Thompson,42,Male,1.142139369,82,92,77,55,FALSE,40 to 49
Anthony Davis,45,Male,9.112861782,97,64,42,84,TRUE,40 to 49
Ashley Torres,34,Male,4.721501681,114,42,59,84,FALSE,30 to 39
Marcus Yu,39,Female,5.206563972,94,66,51,76,FALSE,30 to 39
David Swanson,26,Female,6.690799113,121,73,95,48,TRUE,20 to 29
Allen Wood,41,Male,6.479839568,96,71,98,98,TRUE,40 to 49
Kimberly Robinson,24,Male,8.432859486,104,81,43,81,FALSE,20 to 29
Paul Olson,33,Male,8.510554106,143,52,98,100,FALSE,30 to 39
Benjamin Walton,44,Male,4.313463189,113,100,76,96,TRUE,40 to 49
Amanda Lyons,18,Male,9.152009715,112,92,55,41,TRUE,10 to 19
Edward Ritter,43,Female,1.858671796,143,85,56,100,TRUE,40 to 49
Sylvia Boyd,19,Female,1.57916393,103,47,47,63,TRUE,10 to 19
Bryan Jordan,33,Female,3.658487496,91,46,85,75,TRUE,30 to 39
Ryan Reynolds,31,Male,2.852211049,90,93,79,45,TRUE,30 to 39
Melissa Porter,25,Female,1.532337558,97,57,44,48,TRUE,20 to 29
Joshua Carlson,37,Female,8.123451936,122,54,85,64,TRUE,30 to 39
Rachel Boone,33,Male,4.64743521,103,53,50,51,FALSE,30 to 39
Robert Clarke,40,Female,2.449515618,142,81,67,46,FALSE,40 to 49
Melissa Simpson DVM,25,Female,5.667130558,100,62,48,41,FALSE,20 to 29
Andrew Bradley,31,Female,2.116148028,88,86,96,47,FALSE,30 to 39
Jane Martin,43,Male,5.527387167,88,79,43,87,FALSE,40 to 49
Erika Stephens,29,Female,5.249965158,85,55,76,53,TRUE,20 to 29
Maureen Beasley,26,Female,4.148900376,128,59,62,77,FALSE,20 to 29
Brandon Ayala,18,Male,6.217657935,107,93,75,52,FALSE,10 to 19
Veronica Mcdonald DDS,32,Male,5.903523413,130,69,52,58,FALSE,30 to 39
Samantha Gardner,41,Male,9.648225342,106,60,65,78,TRUE,40 to 49
Jamie Bowman,23,Male,7.981358,123,72,71,71,TRUE,20 to 29
Colton Castro,27,Female,2.039376132,140,69,80,48,TRUE,20 to 29
Jacob Wright,21,Male,5.427101885,133,67,72,47,FALSE,20 to 29
Samuel Foley,24,Female,8.293247364,148,42,56,52,TRUE,20 to 29
Patrick Brown,42,Female,8.398057663,142,54,84,90,FALSE,40 to 49
Emily Nixon,28,Female,1.096622057,145,82,43,40,TRUE,20 to 29
Christina Larson,39,Male,5.774918182,135,84,92,59,TRUE,30 to 39
Patrick Wilson,34,Female,4.41584552,102,83,74,71,FALSE,30 to 39
Jennifer Powell,22,Female,7.321067959,117,82,53,72,FALSE,20 to 29
Sara Lynch,29,Female,6.71748997,124,71,48,41,FALSE,20 to 29
Susan Cohen,35,Male,3.203596667,100,45,57,78,FALSE,30 to 39
Raymond Moreno,41,Male,5.199590602,84,42,74,56,FALSE,40 to 49
Susan Luna,43,Male,2.56631838,123,100,77,97,TRUE,40 to 49
Yesenia Peterson,31,Female,5.760752041,103,90,95,77,FALSE,30 to 39
Amanda Cook,28,Female,6.626272404,115,62,78,53,TRUE,20 to 29
Nicole Haas,37,Male,2.801654506,130,89,56,51,FALSE,30 to 39
Melvin Wolf,33,Female,3.735608864,126,76,49,50,TRUE,30 to 39
Thomas Robinson,18,Female,7.005874111,112,44,42,53,FALSE,10 to 19
Amber Gonzalez,26,Female,8.264011581,82,93,70,81,FALSE,20 to 29
Raymond Travis,24,Female,8.250568475,106,74,48,52,FALSE,20 to 29
Angela Lee,37,Male,4.162156899,119,63,73,75,FALSE,30 to 39
Cody Palmer,21,Female,4.407954818,138,99,62,60,FALSE,20 to 29
Robert Vasquez,41,Female,5.210017964,130,59,91,74,FALSE,40 to 49
Tyrone Stewart,37,Male,8.49047194,129,84,51,64,TRUE,30 to 39
Kelly Osborn,30,Female,9.283632308,100,88,77,68,FALSE,30 to 39
John Ruiz,18,Male,7.264148285,124,89,59,80,FALSE,10 to 19
David Edwards,24,Male,8.413845316,113,72,94,40,FALSE,20 to 29
Jason Banks,19,Female,3.98492909,85,61,65,70,FALSE,10 to 19
Cody Glass,41,Female,7.795940636,107,56,42,73,FALSE,40 to 49
Karen George,40,Female,4.79465013,112,53,52,69,TRUE,40 to 49
Gary Robinson,40,Male,9.938729369,149,98,76,59,TRUE,40 to 49
Brandi Smith,34,Male,2.663230794,125,52,87,68,TRUE,30 to 39
Aaron Foster,19,Male,5.390984915,86,52,81,44,FALSE,10 to 19
Marie Miller,27,Female,5.819180598,122,79,55,82,TRUE,20 to 29
Edward Ramirez,41,Male,5.000146146,107,78,72,59,FALSE,40 to 49
Jason Ashley,22,Male,7.857262981,139,86,54,89,FALSE,20 to 29
Veronica Johnson,23,Female,8.56327918,127,47,88,46,TRUE,20 to 29
Dr. Robert Parker,32,Female,2.5025944,128,63,100,65,FALSE,30 to 39
Terry Hickman,21,Male,4.996863685,127,47,90,75,FALSE,20 to 29
Suzanne Rios,29,Male,6.620104659,124,74,69,86,TRUE,20 to 29
Michael Moyer,21,Female,6.922492628,123,42,100,75,FALSE,20 to 29
Danielle Bowers,33,Male,1.523832617,146,94,92,74,TRUE,30 to 39
Benjamin Riley,28,Male,3.340151956,118,60,95,52,TRUE,20 to 29
Erin Thompson,44,Female,2.928626298,108,95,82,77,FALSE,40 to 49
Janet Scott,23,Female,4.884864976,97,59,78,44,FALSE,20 to 29
Robert Perez,19,Male,7.608830596,146,60,96,82,TRUE,10 to 19
Lindsay Mccoy,32,Male,6.479362538,126,70,88,52,FALSE,30 to 39
Terry Larsen,41,Female,9.198296266,134,40,56,92,FALSE,40 to 49
Autumn Villarreal,38,Female,6.255147415,83,71,69,43,FALSE,30 to 39
Rhonda Benton,20,Female,2.563028953,138,96,70,46,TRUE,20 to 29
Zachary Mcintyre,19,Male,2.423218261,87,41,90,90,TRUE,10 to 19
Eric Miller,21,Male,1.317822539,113,45,87,48,TRUE,20 to 29
Jill Olson,41,Male,5.380180972,121,87,79,78,FALSE,40 to 49
Theresa Woods,21,Female,4.461921234,127,54,90,55,FALSE,20 to 29
Noah Davis,33,Female,8.981354733,123,60,97,52,FALSE,30 to 39
Jasmine Miller,19,Male,2.881441048,110,78,95,40,FALSE,10 to 19
Rachel Martinez,19,Male,6.690837284,130,75,87,52,TRUE,10 to 19
Jeff Walker,31,Female,8.011109973,94,59,81,99,FALSE,30 to 39
Joseph Calderon,28,Male,6.165746228,128,76,88,58,TRUE,20 to 29
Nichole Lawson,31,Female,6.323005279,112,74,63,70,FALSE,30 to 39
Evan Hickman,33,Female,7.776799409,106,66,62,70,TRUE,30 to 39
Zachary Cruz,21,Female,2.470095381,126,49,84,60,TRUE,20 to 29
Joshua Osborn,35,Male,4.995330237,102,87,99,100,TRUE,30 to 39
Jerome Hunter,27,Female,2.199276951,105,86,54,85,TRUE,20 to 29
Linda Rivera,39,Male,4.96740076,105,53,84,91,TRUE,30 to 39
John Ruiz,43,Female,5.504410978,82,80,50,79,FALSE,40 to 49
Kristen Bryan,38,Female,2.337587741,128,75,99,53,FALSE,30 to 39
Brianna Brown,40,Male,6.389428474,123,97,68,76,TRUE,40 to 49
David Walsh,32,Female,7.542149262,145,79,68,61,FALSE,30 to 39
Joseph Thomas,23,Female,6.493405601,147,45,77,80,TRUE,20 to 29
Mary Ray,29,Male,6.945863881,85,98,62,82,TRUE,20 to 29
Adam Hernandez,34,Male,3.963864738,146,71,90,89,FALSE,30 to 39
Eugene Brown PhD,32,Female,5.750395999,138,76,84,67,FALSE,30 to 39
Mark Reed,18,Female,4.122292247,90,55,79,55,TRUE,10 to 19
Susan Lawrence,26,Male,7.98637411,134,43,71,74,FALSE,20 to 29
John Boyd,28,Male,9.560030076,93,45,56,40,FALSE,20 to 29
Christopher Baird,27,Male,6.676806742,149,40,83,89,FALSE,20 to 29
Kelsey Lopez,23,Male,4.395882717,107,68,81,66,FALSE,20 to 29
Melissa Mason,24,Male,5.863631926,103,69,93,74,FALSE,20 to 29
Wayne Maxwell,37,Male,3.046063144,128,62,62,56,TRUE,30 to 39
Tyler Johnson,26,Male,2.086119994,103,61,71,86,TRUE,20 to 29
Michele Olson,20,Female,9.557378414,122,78,74,58,FALSE,20 to 29
Sandra Lopez,28,Male,5.86099462,109,59,76,90,TRUE,20 to 29
Debbie Aguirre,31,Male,3.780609542,106,53,41,51,FALSE,30 to 39
Evelyn Castillo,43,Female,8.834264458,120,79,89,63,FALSE,40 to 49
Ryan Duncan,19,Male,4.569247585,119,54,48,91,TRUE,10 to 19
Victoria Peterson,22,Female,3.867193689,128,41,82,86,TRUE,20 to 29
Amanda Chapman,28,Female,6.01159252,135,61,80,58,TRUE,20 to 29
Andrea Gates,23,Female,8.831826828,124,76,92,93,FALSE,20 to 29
Harry Alexander,23,Male,2.746274771,105,56,65,94,TRUE,20 to 29
David White,39,Male,7.919904112,114,95,66,89,TRUE,30 to 39
Anthony Smith,20,Male,3.856103152,122,47,83,75,TRUE,20 to 29
Jeanette Hart,24,Female,7.179327888,134,41,94,77,FALSE,20 to 29
Jennifer Jacobs,31,Male,9.599917486,83,69,61,60,TRUE,30 to 39
Michael Harding,35,Male,9.756888023,129,73,99,40,TRUE,30 to 39
Phyllis Baird,27,Female,3.138228052,80,63,76,51,FALSE,20 to 29
Katherine Washington,20,Male,5.09113828,94,58,77,81,FALSE,20 to 29
Eric Bryan,27,Male,3.848404507,102,91,45,70,FALSE,20 to 29
Carol Gilbert,36,Female,7.819995315,133,45,86,44,FALSE,30 to 39
Edwin Lowe,45,Male,6.642780707,121,82,67,56,TRUE,40 to 49
David Perez,26,Female,5.813073549,83,72,81,54,FALSE,20 to 29
Matthew Harris,28,Male,1.474254736,90,84,93,80,FALSE,20 to 29
Cassandra Cunningham,39,Female,1.171403672,128,87,92,97,FALSE,30 to 39
Elizabeth Perkins,43,Female,9.140821022,120,69,99,83,FALSE,40 to 49
Michael Pham,36,Female,7.589662353,110,65,75,43,FALSE,30 to 39
Lisa Thompson,45,Male,9.595068912,146,75,86,89,TRUE,40 to 49
Carla Parrish,20,Female,8.327361287,142,44,66,74,TRUE,20 to 29
Stacey Farmer,20,Female,9.317992715,140,86,82,79,FALSE,20 to 29
Kara Carter,24,Female,3.55415874,81,77,61,87,TRUE,20 to 29
Charles Anderson,29,Male,9.807167005,115,77,55,79,TRUE,20 to 29
Edward Rhodes,19,Male,8.810688548,146,55,44,71,TRUE,10 to 19
Patrick Garza,30,Male,2.387732399,94,98,96,47,TRUE,30 to 39
Lisa Orr,45,Female,3.318290983,127,67,90,83,TRUE,40 to 49
Ruben King,23,Female,1.463203054,103,57,94,53,FALSE,20 to 29
Matthew Reyes,39,Male,5.126613236,140,67,51,84,TRUE,30 to 39
Michael Mann,24,Female,5.401014025,133,69,52,66,TRUE,20 to 29
John Paul,22,Male,6.452996035,133,70,79,44,TRUE,20 to 29
Jeffrey Ellis,29,Female,1.777049909,107,73,99,81,FALSE,20 to 29
Kathryn Thomas,24,Male,8.187173798,97,82,95,44,TRUE,20 to 29
Perry Burton,19,Male,6.222248521,82,44,47,84,FALSE,10 to 19
Mariah Ruiz,37,Male,2.648881907,149,70,53,76,FALSE,30 to 39
Sarah Patel,38,Male,6.667040992,118,86,75,68,FALSE,30 to 39
Autumn Mason,29,Female,5.273194457,80,42,51,83,TRUE,20 to 29
John Peterson,24,Male,7.999238121,101,78,76,51,FALSE,20 to 29
Ryan Jimenez,33,Female,1.646149152,142,41,43,48,TRUE,30 to 39
Brian Rodriguez,39,Female,1.226343929,127,61,95,56,TRUE,30 to 39
Stephanie Estrada,20,Female,3.034755257,144,76,79,94,TRUE,20 to 29
John Ortiz,35,Male,1.931846082,129,60,41,47,FALSE,30 to 39
Jasmine Figueroa,23,Female,1.305996296,105,42,53,64,TRUE,20 to 29
Emily Cantrell,35,Male,1.918488962,150,99,83,79,FALSE,30 to 39
Kevin Vargas,27,Female,3.756135675,102,97,77,51,FALSE,20 to 29
Tracy Williams,35,Male,6.914090733,89,74,62,85,FALSE,30 to 39
James Cabrera,27,Female,8.075668486,149,55,83,83,FALSE,20 to 29
Jennifer Valencia,26,Male,7.128789566,145,48,93,80,TRUE,20 to 29
Jacob Wilson,27,Female,9.889041148,98,45,94,85,TRUE,20 to 29
Carol Hughes,20,Female,2.747157059,103,54,100,52,FALSE,20 to 29
William Bradshaw,41,Male,8.300454748,90,67,56,49,TRUE,40 to 49
Timothy Carlson,21,Female,4.859401935,142,60,77,49,FALSE,20 to 29
Ronald Knox,40,Male,7.314356604,111,53,73,55,FALSE,40 to 49
Heather Atkins MD,30,Male,3.660499917,95,66,65,57,TRUE,30 to 39
Melissa Smith,38,Female,4.838153107,80,100,47,65,FALSE,30 to 39
Nicole Elliott,28,Female,7.05309308,109,50,87,73,FALSE,20 to 29
Thomas Wells,18,Male,9.741538774,134,96,77,73,TRUE,10 to 19
Christina Martin,35,Female,8.422863334,135,91,76,90,TRUE,30 to 39
Maria Hughes,39,Female,9.184914093,121,48,82,87,TRUE,30 to 39
Elizabeth Miranda,41,Female,4.183593023,129,56,96,60,FALSE,40 to 49
Thomas Warren,28,Female,3.977975711,83,80,96,96,FALSE,20 to 29
Elizabeth Marshall,19,Male,6.312231975,106,60,64,55,TRUE,10 to 19
Megan Sellers,23,Male,7.14565689,127,40,100,56,TRUE,20 to 29
Ryan Dunn,45,Male,7.468750113,84,85,79,81,FALSE,40 to 49
Rebecca Day,21,Female,3.403896209,107,98,97,67,TRUE,20 to 29
Dr. Jason Wallace,32,Male,7.284624697,100,91,46,90,FALSE,30 to 39
Thomas Smith,19,Male,2.665294042,99,68,99,92,FALSE,10 to 19
Joseph Snyder,29,Female,9.18276867,131,97,54,64,FALSE,20 to 29
Kelsey Coleman,37,Male,7.28758836,118,44,71,46,FALSE,30 to 39
Troy Atkinson,40,Male,5.10414011,145,48,90,42,FALSE,40 to 49
Richard Moore MD,44,Female,3.533387258,109,90,56,50,TRUE,40 to 49
Thomas Fleming,38,Male,3.095679565,108,56,99,76,TRUE,30 to 39
Blake Dixon,38,Male,4.764801323,110,48,85,56,TRUE,30 to 39
David Brown,42,Female,9.493072024,103,84,70,45,FALSE,40 to 49
Brian Thompson,31,Female,3.473506032,91,88,98,61,TRUE,30 to 39
Jennifer Boone,40,Male,4.178837843,117,51,87,92,FALSE,40 to 49
Raven Moore,38,Female,5.493164073,109,96,91,56,TRUE,30 to 39
Matthew Gates,25,Female,4.315895437,87,92,57,68,FALSE,20 to 29
Michelle Joseph,25,Female,4.499463623,141,97,47,59,FALSE,20 to 29
Bryan Santiago,24,Female,3.980326173,90,97,56,64,TRUE,20 to 29
Diana Butler,25,Female,1.152551145,100,79,54,64,TRUE,20 to 29
Wesley Hill,30,Male,7.281451473,103,42,43,63,FALSE,30 to 39
Tiffany Quinn,20,Male,3.305523207,135,81,71,45,FALSE,20 to 29
Steve Hill,39,Male,8.510921396,125,83,83,54,TRUE,30 to 39
David Macdonald,21,Female,4.888037192,109,56,80,67,TRUE,20 to 29
Matthew Curtis,31,Male,9.989845723,150,71,62,99,TRUE,30 to 39
Stacey Vargas,29,Female,9.837094364,103,64,70,90,FALSE,20 to 29
David Andrade,18,Female,1.746325685,107,73,43,88,FALSE,10 to 19
Matthew Flores,29,Female,8.715692855,117,55,41,76,TRUE,20 to 29
Jeff Turner,25,Female,3.366768585,122,85,85,64,FALSE,20 to 29
Ashley Jones,41,Female,2.146699736,92,86,63,86,FALSE,40 to 49
Melissa Davidson,40,Female,5.139307728,114,84,75,51,FALSE,40 to 49
Daniel Serrano,28,Male,9.42331781,131,50,76,55,TRUE,20 to 29
Lindsay Brown,42,Female,6.656624165,117,72,49,46,FALSE,40 to 49
Jessica Hubbard,40,Male,8.686208901,135,57,72,47,TRUE,40 to 49
Larry Duarte,22,Female,2.439181607,117,54,97,98,FALSE,20 to 29
Nicholas Morgan DVM,44,Female,2.92184149,84,94,79,75,TRUE,40 to 49
Ian Spears,40,Female,8.117980285,111,98,49,85,FALSE,40 to 49
Michael Curtis,22,Female,6.452157406,107,48,57,59,TRUE,20 to 29
Jacob Lopez,31,Male,2.124344048,145,83,91,44,TRUE,30 to 39
Gabriela Mcmillan,36,Female,9.345532847,140,41,73,64,TRUE,30 to 39
Christy Schmidt,44,Male,1.303564068,131,77,70,62,TRUE,40 to 49
Barbara Carson,45,Female,8.784952109,128,47,63,62,FALSE,40 to 49
Diana Wilson,39,Female,1.396530458,122,52,95,58,TRUE,30 to 39
Sandra Miller,22,Male,1.955959628,106,44,50,65,FALSE,20 to 29
Teresa Noble,32,Female,6.903998353,88,47,41,44,TRUE,30 to 39
Stephanie Rogers,35,Female,2.387926901,118,80,68,87,TRUE,30 to 39
Dominic Patterson,35,Female,2.986966289,105,45,80,86,FALSE,30 to 39
Timothy Blanchard,21,Female,6.575396451,141,59,83,89,FALSE,20 to 29
Brittney Clayton,44,Female,9.339898247,109,53,90,96,TRUE,40 to 49
Jacqueline Lowe,20,Male,5.980900844,93,93,97,64,TRUE,20 to 29
Timothy Moreno,37,Female,1.238979602,140,50,86,98,TRUE,30 to 39
Brandon Roy,34,Male,6.700628131,118,76,62,92,FALSE,30 to 39
Brenda Sexton,32,Female,4.009206053,144,55,51,41,FALSE,30 to 39
Gerald James,18,Female,7.051779675,109,55,79,81,FALSE,10 to 19
Eric Romero,33,Male,1.861350547,127,47,82,89,FALSE,30 to 39
Daniel Noble,34,Female,7.538694962,122,46,78,88,FALSE,30 to 39
Barbara Martinez,29,Male,1.664391943,118,62,61,78,TRUE,20 to 29
Elizabeth Weaver,41,Male,8.022138391,80,87,96,65,TRUE,40 to 49
Stephanie Johnson,34,Male,2.463912166,130,76,75,90,FALSE,30 to 39
Tyler Cardenas,25,Male,9.593937003,102,51,84,52,TRUE,20 to 29
Julie Cline,26,Male,7.227463591,142,55,80,98,TRUE,20 to 29
Brittany Hanson,26,Female,8.103166166,119,51,73,95,FALSE,20 to 29
Blake Patel,30,Male,9.895574037,122,89,92,67,TRUE,30 to 39
Colin Cox,21,Female,8.578148757,122,60,82,52,TRUE,20 to 29
Dr. Vanessa Costa MD,25,Male,2.051172433,148,90,77,68,FALSE,20 to 29
Lauren Miles,42,Female,3.123889197,111,46,73,53,FALSE,40 to 49
Brett Davis,37,Male,4.252834164,80,84,45,59,TRUE,30 to 39
Lisa White,23,Female,6.189424542,106,62,57,66,TRUE,20 to 29
Richard Rodriguez,42,Female,7.077822011,141,66,51,74,TRUE,40 to 49
Brian Kane,23,Male,2.447481605,146,57,59,94,TRUE,20 to 29
Evan Jones,41,Male,1.183180078,103,60,93,48,TRUE,40 to 49
Ashley Perez,23,Female,6.132954139,87,52,99,83,TRUE,20 to 29
Brian Wolf,35,Male,2.834279314,84,78,77,66,TRUE,30 to 39
Stephanie Valdez,27,Male,9.498177638,117,62,54,54,TRUE,20 to 29
Heather Reyes,28,Female,2.573914772,114,71,90,65,TRUE,20 to 29
Shelly Moreno,43,Male,9.426898824,149,71,45,45,TRUE,40 to 49
Julie Perez,40,Male,9.06208467,110,87,77,75,TRUE,40 to 49
Paul Cole,21,Female,7.043146377,92,100,48,80,TRUE,20 to 29
Andrew Acevedo,24,Female,9.725215655,106,41,57,70,FALSE,20 to 29
Zachary Scott,29,Male,5.641153844,114,72,89,80,FALSE,20 to 29
William Barrett,43,Female,8.392703154,103,40,86,84,TRUE,40 to 49
Jacqueline Stevens,34,Male,7.148387464,130,43,65,83,TRUE,30 to 39
Jacob Mora,37,Female,8.642116485,106,47,67,79,FALSE,30 to 39
Travis Adams,18,Female,7.171176583,137,93,96,91,TRUE,10 to 19
Shari Barnes,41,Female,8.703527537,84,83,59,62,TRUE,40 to 49
Levi Harris,23,Female,8.21610326,117,59,41,74,TRUE,20 to 29
Nicholas Lowe,39,Female,5.512603852,133,64,41,68,TRUE,30 to 39
Sherri Snyder,45,Male,6.039060755,132,100,81,63,FALSE,40 to 49
Jessica Mitchell DVM,38,Female,1.892688237,81,51,93,90,FALSE,30 to 39
Lisa Martin,19,Male,3.781997297,88,69,54,97,FALSE,10 to 19
Dennis Salinas,28,Female,1.026224849,82,91,40,60,TRUE,20 to 29
Ethan Simmons,33,Female,3.673817479,122,78,78,100,TRUE,30 to 39
Corey Hicks,19,Female,6.968948663,85,95,79,51,TRUE,10 to 19
Dana Smith,18,Male,5.579571247,140,75,51,71,FALSE,10 to 19
Ruth Robinson,32,Female,5.756959456,141,41,95,51,TRUE,30 to 39
Richard Lopez,28,Female,4.913310969,103,76,62,80,FALSE,20 to 29
David Price,29,Female,2.171771195,110,75,84,58,TRUE,20 to 29
Michele Contreras,45,Female,2.765812092,148,86,40,49,FALSE,40 to 49
Mr. Trevor Robles DDS,34,Female,1.917417237,145,50,60,91,TRUE,30 to 39
Cassandra Olsen,45,Female,8.857382585,145,41,45,80,TRUE,40 to 49
Steven Adkins,41,Male,4.921469988,126,84,69,65,TRUE,40 to 49
Annette Flores,33,Female,1.383057983,126,65,41,86,TRUE,30 to 39
Gabriel Jones,37,Female,1.799238155,132,76,58,91,TRUE,30 to 39
Ms. Karen Hernandez,34,Female,8.096534766,122,66,76,64,TRUE,30 to 39
Frank Preston,45,Male,9.046924888,87,74,54,48,FALSE,40 to 49
Jill Conway,37,Male,4.919995383,129,54,68,97,FALSE,30 to 39
Richard Rios,39,Male,6.011374694,83,67,91,53,TRUE,30 to 39
April Flores MD,27,Male,1.186531451,116,99,72,70,TRUE,20 to 29
Jeffrey Williams,34,Male,8.438819927,104,68,64,59,FALSE,30 to 39
Michael Miller,42,Female,3.422336006,126,79,40,59,FALSE,40 to 49
Jocelyn Vance,32,Male,6.8605248,118,72,49,40,FALSE,30 to 39
Ryan Scott,44,Female,4.526069816,141,51,58,73,TRUE,40 to 49
Tamara Barnett,45,Male,5.438149271,123,75,95,65,TRUE,40 to 49
Tara West,40,Male,2.838011854,119,69,73,63,FALSE,40 to 49
William Williams,20,Male,4.105521506,120,46,49,98,TRUE,20 to 29
Daniel Hooper,26,Male,7.102824492,87,73,65,76,TRUE,20 to 29
Eric Perez,28,Male,4.524882466,139,100,47,69,FALSE,20 to 29
Christian White,37,Female,3.30319394,120,47,55,58,FALSE,30 to 39
Caitlin Hess,26,Female,3.126495039,104,96,62,42,FALSE,20 to 29
Mary Reid,18,Female,1.163289865,123,65,48,72,TRUE,10 to 19
Samuel Reynolds,43,Female,3.994587949,135,90,69,67,TRUE,40 to 49
Timothy Erickson,29,Male,7.259066838,100,61,70,84,TRUE,20 to 29
Ronnie Green,29,Male,1.912551873,140,74,81,95,TRUE,20 to 29
Thomas Olson,30,Male,1.417092065,104,57,51,72,TRUE,30 to 39
Patricia Jones,42,Female,5.719159223,90,62,69,83,FALSE,40 to 49
Jennifer Mcneil,28,Male,3.708427929,123,74,67,84,FALSE,20 to 29
Aimee Matthews,42,Female,6.72622485,83,100,54,97,FALSE,40 to 49
Donna Wilson,38,Male,6.124235886,149,52,47,80,FALSE,30 to 39
John Fernandez,32,Female,6.305497848,142,64,92,66,TRUE,30 to 39
Natalie Anderson,22,Female,1.453716543,81,75,60,59,TRUE,20 to 29
Mrs. Leslie Bailey,36,Male,4.568424877,137,55,77,90,FALSE,30 to 39
Rebecca Jenkins,34,Male,5.325323166,111,86,80,98,FALSE,30 to 39
Jimmy Walker,30,Male,7.135767825,106,41,59,79,FALSE,30 to 39
Charles Gutierrez,40,Female,7.10075161,83,41,84,53,FALSE,40 to 49
Todd Bond,18,Male,5.591151958,150,80,87,47,TRUE,10 to 19
Kyle Roberts,40,Female,5.576684953,85,92,40,54,FALSE,40 to 49
Rebecca Velasquez,34,Male,1.205309475,150,49,61,64,FALSE,30 to 39
Taylor English,19,Male,4.218499793,82,85,75,74,TRUE,10 to 19
Emily Haas,37,Female,6.968031837,101,66,42,80,TRUE,30 to 39
Molly Robertson,44,Female,8.618874439,97,74,89,97,FALSE,40 to 49
Richard Ramirez,36,Female,9.42849961,91,92,58,99,TRUE,30 to 39
Shannon Miller,41,Female,4.38562232,148,68,90,53,TRUE,40 to 49
Michael Russell,45,Female,7.899124404,115,74,55,64,FALSE,40 to 49
Scott Hammond,22,Female,3.226835246,124,100,62,82,TRUE,20 to 29
John Barry,36,Female,1.641193939,98,71,52,56,FALSE,30 to 39
Thomas Wilkerson,23,Male,1.456744063,90,44,43,58,FALSE,20 to 29
Phillip Rodriguez,44,Female,7.179557235,149,44,45,64,TRUE,40 to 49
Drew Roberts,35,Female,9.440847044,112,77,89,49,TRUE,30 to 39
Briana Hansen,21,Male,3.631969794,122,68,56,60,FALSE,20 to 29
Christopher Williams,18,Male,4.21517355,117,84,59,100,TRUE,10 to 19
Justin Wallace,26,Male,8.47778477,97,77,84,62,FALSE,20 to 29
Kevin Wilson,36,Female,4.017606107,97,63,55,70,TRUE,30 to 39
Joshua George,42,Female,6.260577761,143,69,62,55,FALSE,40 to 49
Melissa Cook,26,Female,8.839236583,92,72,49,65,FALSE,20 to 29
James Scott,20,Female,2.936123246,107,95,98,47,TRUE,20 to 29
Wayne Brown,28,Female,6.625619779,95,40,43,76,FALSE,20 to 29
April Hill,38,Male,4.556686009,80,45,90,86,TRUE,30 to 39
Thomas Preston,32,Male,6.60224274,123,93,69,72,FALSE,30 to 39
Robert Williams,24,Female,4.252925828,140,67,82,49,TRUE,20 to 29
Mr. Jonathan Smith,21,Male,4.233168196,114,60,99,42,TRUE,20 to 29
Janice Ballard,26,Male,4.54069533,102,96,100,76,TRUE,20 to 29
Karen West,40,Female,1.253073346,150,63,53,76,FALSE,40 to 49
Larry Franklin,23,Male,8.245596491,149,83,98,99,TRUE,20 to 29
Christopher Ortiz,27,Female,9.655851841,131,67,76,80,FALSE,20 to 29
Troy Warner,18,Female,6.916357894,130,62,67,71,FALSE,10 to 19
Karen Sanchez,29,Female,5.133912265,95,96,85,51,TRUE,20 to 29
David Harris,26,Female,1.198724666,99,69,93,78,TRUE,20 to 29
Eric Shaw,34,Male,9.866126445,146,82,96,79,FALSE,30 to 39
April Jones MD,36,Female,1.736291185,112,90,85,67,TRUE,30 to 39
Melvin Martinez,35,Male,8.997312982,116,53,74,73,TRUE,30 to 39
Taylor Meyer,22,Female,4.871654546,108,65,62,62,FALSE,20 to 29
Kevin Silva,24,Female,4.24450364,124,58,70,55,TRUE,20 to 29
Lisa Baker,36,Male,3.858113429,96,76,95,72,FALSE,30 to 39
Patricia Terrell,32,Female,1.812485737,138,58,52,50,FALSE,30 to 39
Brandi Harris,45,Female,5.421236667,98,51,76,80,FALSE,40 to 49
David Simpson,41,Female,5.900145584,132,97,49,95,FALSE,40 to 49
Danielle Boyle,36,Female,9.823552287,93,69,60,85,FALSE,30 to 39
Henry Nash,23,Male,5.527538888,124,83,59,100,TRUE,20 to 29
Heather Boyd,37,Female,7.523867802,120,74,88,74,FALSE,30 to 39
Michael Lozano,26,Female,5.672156609,137,82,67,56,FALSE,20 to 29
Robin Garcia,40,Female,9.670551205,116,51,58,76,FALSE,40 to 49
Stephen Robinson,32,Male,9.530408081,125,80,42,78,TRUE,30 to 39
Kyle Rodriguez,19,Female,7.423444891,134,58,81,77,FALSE,10 to 19
Melissa Joyce,39,Female,8.723499534,109,50,51,51,TRUE,30 to 39
Diane Johnson,31,Female,2.88890178,105,81,57,82,FALSE,30 to 39
Samantha Watson,25,Male,8.105995705,83,56,51,87,TRUE,20 to 29
David Cowan,19,Female,8.114051479,147,45,70,69,TRUE,10 to 19
Steven Beltran,38,Male,4.054951437,111,48,81,99,TRUE,30 to 39
Emily Rowe,39,Female,8.016610339,98,40,64,93,FALSE,30 to 39
Andrew Harrington,40,Male,8.992518524,117,68,69,77,TRUE,40 to 49
Mason Cruz,27,Female,1.549277638,115,49,76,81,TRUE,20 to 29
Brian Ortiz,44,Male,5.403402518,91,40,72,53,FALSE,40 to 49
Jeffery Rogers,32,Male,2.601113501,136,89,41,76,TRUE,30 to 39
Tara Moore,27,Female,5.280242782,139,70,64,94,TRUE,20 to 29
Brandy Solomon,20,Male,1.407887453,83,81,49,60,TRUE,20 to 29
Justin Myers,31,Male,7.111538439,118,60,59,91,TRUE,30 to 39
Benjamin Ashley,30,Male,5.629759032,87,92,80,59,TRUE,30 to 39
Brandon Hudson,29,Female,1.120048487,131,65,40,86,TRUE,20 to 29
Karen Rhodes,18,Female,6.481363109,101,73,77,46,TRUE,10 to 19
Bruce Stout,42,Male,8.665205413,145,61,83,69,FALSE,40 to 49
Steven Delgado,32,Female,7.449954971,102,71,85,71,FALSE,30 to 39
Raymond Moyer,19,Female,8.915989129,103,91,59,83,TRUE,10 to 19
Seth Anderson,32,Female,6.702194251,81,45,48,84,TRUE,30 to 39
Christopher Mendoza,36,Female,1.403924245,86,41,67,55,FALSE,30 to 39
Kendra Quinn,39,Male,2.650916162,144,85,61,98,TRUE,30 to 39
Anthony Ware,26,Male,2.816300634,84,71,84,55,TRUE,20 to 29
John Peterson,29,Female,9.649661133,114,80,77,94,FALSE,20 to 29
Danielle Shah,19,Male,1.180639493,89,66,82,79,TRUE,10 to 19
Andrea Hatfield,20,Male,7.986230469,115,83,73,79,TRUE,20 to 29
Steven Williams,19,Female,1.479629964,101,97,72,73,TRUE,10 to 19
Jeffrey Farmer,40,Male,6.517756351,113,75,51,66,FALSE,40 to 49
Jessica Rivers MD,22,Female,7.653760594,103,81,78,43,TRUE,20 to 29
Laura Adams,30,Female,7.841397246,93,51,64,47,FALSE,30 to 39
Lisa Rojas,33,Female,7.427143725,148,78,73,58,TRUE,30 to 39
Christian Riley,21,Male,3.706584837,134,80,89,99,FALSE,20 to 29
Kaylee Barrett,33,Female,1.221773728,108,75,100,78,FALSE,30 to 39
Brenda Crawford,45,Male,2.40184939,126,55,92,64,TRUE,40 to 49
Shannon Garcia,19,Male,2.996142886,85,92,48,56,TRUE,10 to 19
Brandy Townsend,44,Male,9.839482632,114,42,54,100,FALSE,40 to 49
Gabriel Sherman,45,Male,2.538249413,116,68,79,55,FALSE,40 to 49
Douglas Smith,29,Male,6.262967959,134,42,61,71,TRUE,20 to 29
Carol Riley,34,Male,5.144988614,148,70,61,44,FALSE,30 to 39
Rhonda Marquez,22,Male,4.769621452,106,42,88,49,FALSE,20 to 29
Holly Fox,26,Male,3.492192499,82,45,91,64,TRUE,20 to 29
David Gonzales,18,Female,8.177967672,82,65,70,97,FALSE,10 to 19
Ryan Hicks,45,Female,9.973428125,139,87,68,64,TRUE,40 to 49
Elizabeth Johnson,38,Male,5.481843531,125,98,57,55,FALSE,30 to 39
Mary Wilkins,44,Female,3.874166048,145,58,74,82,TRUE,40 to 49
Jennifer Moss,24,Male,9.689188168,144,60,52,60,TRUE,20 to 29
Paula Hart,20,Male,2.55807393,99,61,65,62,TRUE,20 to 29
Cory Molina,37,Female,3.369428822,116,54,55,73,FALSE,30 to 39
Heidi Roberson,34,Female,3.235374693,100,40,82,44,FALSE,30 to 39
Amy Young DVM,32,Male,6.070375114,105,97,44,76,TRUE,30 to 39
Jennifer Howard,43,Male,8.726059103,106,63,51,58,TRUE,40 to 49
Maria Cook,32,Female,5.658501631,81,89,64,66,FALSE,30 to 39
Michael Harris,28,Male,6.127883398,128,75,58,69,FALSE,20 to 29
Elizabeth Paul,24,Male,1.184772593,84,73,60,61,FALSE,20 to 29
Connie Miller,43,Female,9.107816572,105,97,59,54,TRUE,40 to 49
Eddie Perry,44,Female,9.090992763,111,98,51,66,TRUE,40 to 49
Jesse Brown,41,Female,8.251826914,148,52,59,69,TRUE,40 to 49
Christopher Perez,24,Female,9.310495855,89,96,84,54,FALSE,20 to 29
Nicholas George,29,Male,1.919758141,135,86,66,75,TRUE,20 to 29
Eric Hill,26,Male,1.855472496,140,76,92,90,TRUE,20 to 29
Kathleen Walker,21,Female,8.657451382,142,87,42,57,TRUE,20 to 29
George Cain,38,Male,4.553932067,112,73,93,85,TRUE,30 to 39
Jeremy Yang,35,Male,6.213816138,139,49,70,57,FALSE,30 to 39
Donald Jimenez,22,Male,5.73066996,100,87,54,90,FALSE,20 to 29
Christy Conner,24,Female,7.200442833,91,54,47,82,TRUE,20 to 29
Jamie Hardin,21,Male,2.483796282,109,72,43,82,FALSE,20 to 29
Samuel Perez,30,Male,1.690211372,124,85,70,90,TRUE,30 to 39
Austin Lewis,41,Female,4.901049515,91,55,76,40,FALSE,40 to 49
Ashley Jones,42,Female,9.426068112,115,68,66,44,FALSE,40 to 49
Brendan Duncan,39,Male,4.481500111,104,70,98,87,FALSE,30 to 39
Valerie Cook,36,Male,3.955143066,104,55,58,40,TRUE,30 to 39
Megan Anderson,36,Male,6.305724231,90,66,46,70,TRUE,30 to 39
Allen Miller,38,Male,3.949735844,101,77,43,46,TRUE,30 to 39
Daniel Garcia,36,Male,4.638405958,88,54,57,75,FALSE,30 to 39
Anna Stephens,40,Female,6.89944845,116,43,41,66,TRUE,40 to 49
Megan Thompson,42,Female,1.28078289,109,88,62,98,TRUE,40 to 49
Rebecca Allen,41,Female,7.138657264,84,81,67,95,FALSE,40 to 49
Melissa Whitney,39,Female,9.057880691,118,62,87,95,FALSE,30 to 39
Gerald Richard,36,Male,6.427317785,95,60,57,84,FALSE,30 to 39
Richard Lawrence,23,Male,2.65628644,97,100,42,85,FALSE,20 to 29
Jerry Smith,24,Male,9.869249259,112,85,43,83,TRUE,20 to 29
Matthew Francis,27,Female,3.676110832,123,56,54,74,TRUE,20 to 29
Dr. Sandra Castro MD,42,Male,8.461300765,114,85,70,94,FALSE,40 to 49
Darryl James,23,Male,5.615656838,136,64,77,80,FALSE,20 to 29
Richard Clayton,18,Female,2.440647966,93,97,79,52,TRUE,10 to 19
Tim Arroyo,33,Female,7.630392434,86,53,80,80,FALSE,30 to 39
Marissa Aguirre,36,Female,3.187404897,124,52,82,51,FALSE,30 to 39
Bradley Norris,30,Female,3.635704829,127,46,86,86,TRUE,30 to 39
Kerri Luna,30,Male,9.100712911,121,83,95,69,TRUE,30 to 39
Elizabeth Acosta,44,Male,1.371000393,133,87,53,75,TRUE,40 to 49
Tanya Robertson,27,Female,5.885046483,140,48,56,76,TRUE,20 to 29
Stephanie Harrell,22,Male,5.599995223,141,98,65,96,TRUE,20 to 29
Christopher Combs,24,Male,7.405704372,104,74,50,42,TRUE,20 to 29
Brian Alvarez,37,Female,1.096831916,102,63,61,98,FALSE,30 to 39
Elizabeth Matthews,45,Male,8.998331058,82,82,77,70,FALSE,40 to 49
Jason Humphrey,39,Female,8.079313485,94,74,65,83,FALSE,30 to 39
Alexis Espinoza,45,Female,7.215682034,110,75,46,98,TRUE,40 to 49
Brandon Douglas,32,Female,8.179300396,84,84,48,45,FALSE,30 to 39
Sandy Jones,31,Female,3.042474306,123,44,83,57,TRUE,30 to 39
Ruth Palmer,35,Male,1.460823787,141,85,90,42,TRUE,30 to 39
William Cortez,40,Male,5.061216475,99,55,62,82,TRUE,40 to 49
Mrs. Samantha Coleman,35,Male,8.287952554,131,97,98,95,FALSE,30 to 39
Matthew Jensen,35,Female,3.761004573,82,92,66,51,TRUE,30 to 39
Sarah Osborn,28,Male,5.804562419,144,82,81,91,TRUE,20 to 29
James Weiss,42,Male,4.904567883,129,80,68,62,FALSE,40 to 49
David Andrews,24,Female,8.552056187,101,88,74,52,FALSE,20 to 29
Henry Ramsey,18,Female,7.59560608,124,53,60,66,FALSE,10 to 19
Dustin Jones,30,Male,9.51996626,96,78,64,83,FALSE,30 to 39
Jeffrey Wilson,22,Male,2.548660212,145,40,86,100,TRUE,20 to 29
Drew Morgan,24,Male,8.486544735,127,81,47,85,FALSE,20 to 29
Beverly Golden,21,Female,2.629455769,106,54,86,96,TRUE,20 to 29
Maria Burns,26,Female,1.401281214,135,87,62,65,FALSE,20 to 29
Nichole Jones,30,Female,3.912741066,148,61,90,95,FALSE,30 to 39
Jordan Larson,43,Female,1.259503824,101,85,56,63,FALSE,40 to 49
Jay Jones,31,Female,6.573385808,115,50,70,57,FALSE,30 to 39
John Miller,23,Male,8.086826778,111,91,58,50,TRUE,20 to 29
Holly Williams MD,39,Male,6.614094867,147,40,48,54,FALSE,30 to 39
Jason Webb,20,Male,3.540724466,139,70,84,54,FALSE,20 to 29
Anna Davis,32,Male,5.895799321,145,83,71,82,TRUE,30 to 39
Stacy Thompson,29,Female,8.546743252,119,53,75,64,FALSE,20 to 29
Janice Smith,38,Female,6.626592095,123,68,70,96,TRUE,30 to 39
Amanda Jordan,27,Female,3.896797281,111,92,50,80,TRUE,20 to 29
Heather Dixon,29,Female,6.352940243,133,84,96,40,FALSE,20 to 29
Robert Perkins,27,Female,2.888577753,103,87,84,80,FALSE,20 to 29
Michelle Kerr,22,Male,2.498290313,85,100,89,86,FALSE,20 to 29
Amanda Roberts,26,Female,6.07197232,98,86,82,83,TRUE,20 to 29
Nicole Pierce,20,Male,1.470044878,101,94,90,56,TRUE,20 to 29
Ryan Gonzales,29,Female,9.362949691,143,99,71,62,TRUE,20 to 29
Jeremy Ramirez,20,Female,9.448527415,84,99,83,75,TRUE,20 to 29
Derek Schroeder,34,Male,6.889693291,87,42,40,79,TRUE,30 to 39
Justin Wilson,21,Male,9.504052348,92,52,98,81,TRUE,20 to 29
Stephanie Ruiz,44,Female,5.428074765,100,58,88,79,FALSE,40 to 49
Rachel Strickland,36,Female,2.617158544,104,40,67,61,FALSE,30 to 39
Scott Cannon,35,Female,5.691539499,145,99,73,93,TRUE,30 to 39
Robert Bennett,20,Female,8.50855847,86,79,64,59,FALSE,20 to 29
Erika Smith,45,Male,3.504498128,142,54,64,41,TRUE,40 to 49
Rachel Figueroa,25,Female,5.102977014,82,70,66,41,FALSE,20 to 29
Allen Green,37,Female,3.647004419,82,79,82,96,TRUE,30 to 39
Ellen White,36,Female,5.592867051,128,93,76,44,FALSE,30 to 39
Kelly Chan,36,Female,7.980365327,90,77,88,84,TRUE,30 to 39
Christopher Massey,26,Female,5.864118954,88,69,56,64,TRUE,20 to 29
Thomas Brown,31,Male,4.065316853,82,91,48,89,TRUE,30 to 39
Denise Mcclain,37,Female,6.602443806,147,88,54,82,FALSE,30 to 39
Stephanie Craig,23,Female,2.718399421,146,52,85,92,TRUE,20 to 29
Michele Moody,18,Male,4.599460363,114,77,94,50,TRUE,10 to 19
Caleb Peterson,43,Male,6.467466039,140,76,69,65,FALSE,40 to 49
Steven Johnson,26,Male,5.291491311,126,100,84,55,FALSE,20 to 29
Raymond Mills,20,Male,2.197345203,149,51,66,94,FALSE,20 to 29
Kimberly Stewart,29,Male,8.31606868,94,91,46,61,TRUE,20 to 29
Joshua Johnson,43,Female,7.298005952,115,68,73,66,TRUE,40 to 49
Cindy Smith,32,Female,6.410732302,124,56,80,77,TRUE,30 to 39
Eric Oconnell,18,Male,4.297756457,145,84,42,89,TRUE,10 to 19
Tina Lee,24,Male,7.326936749,102,53,67,72,TRUE,20 to 29
Allen Garcia,37,Female,2.828248719,110,75,56,97,FALSE,30 to 39
Sara Turner,30,Male,6.256652657,95,44,80,62,TRUE,30 to 39
Vincent Wright,31,Male,1.185433297,85,84,91,62,FALSE,30 to 39
Jacqueline Jensen,42,Male,6.455363342,91,86,77,60,FALSE,40 to 49
Allison Evans,31,Female,3.823762415,99,50,46,88,TRUE,30 to 39
Kara Stanton,41,Female,1.027680824,141,80,84,71,TRUE,40 to 49
Thomas Brown,34,Female,2.598462807,90,77,61,41,TRUE,30 to 39
Todd Park,31,Male,3.131056339,106,95,72,86,FALSE,30 to 39
Stephanie Johnson,45,Male,2.32267506,137,77,72,63,TRUE,40 to 49
Angela Johnson,24,Female,6.114407952,149,82,71,55,FALSE,20 to 29
Kyle Stevens,42,Male,3.471471304,126,68,48,44,FALSE,40 to 49
Jose Kim,36,Male,7.127722222,137,47,63,46,FALSE,30 to 39
Charles Higgins,26,Male,4.591535838,109,95,78,66,TRUE,20 to 29
Manuel Hill,19,Male,7.420538634,127,78,86,87,TRUE,10 to 19
Francis Rivera DVM,33,Male,2.376127442,138,66,68,98,FALSE,30 to 39
Allison Campbell,28,Female,2.234201428,100,46,94,79,TRUE,20 to 29
Bobby Thompson,31,Male,1.394228695,112,52,92,97,FALSE,30 to 39
Mary Brandt,45,Female,2.436833903,85,68,40,72,FALSE,40 to 49
Maria Davis,29,Female,7.16023218,145,52,58,52,TRUE,20 to 29
Lisa Murray,24,Male,5.82563829,102,84,87,84,TRUE,20 to 29
Richard Meyers,41,Female,8.650679571,121,42,96,99,FALSE,40 to 49
Justin Gross,25,Female,7.654677468,115,97,68,88,FALSE,20 to 29
Christina Miller,39,Female,1.045010411,109,45,74,67,FALSE,30 to 39
John Park,43,Male,8.31896549,131,62,72,44,TRUE,40 to 49
Gene Phillips,19,Male,7.985624563,147,91,43,45,FALSE,10 to 19
Richard Smith,26,Female,1.773936456,126,97,73,75,TRUE,20 to 29
Amy Mora,36,Female,1.912342505,84,59,75,48,FALSE,30 to 39
Shaun Butler,25,Male,7.457613998,119,87,81,90,TRUE,20 to 29
Steven Jackson,42,Male,7.460463119,100,98,72,85,FALSE,40 to 49
Isaiah David,38,Female,6.470436619,103,42,48,88,TRUE,30 to 39
Sarah Bass,38,Male,7.160358047,90,84,96,98,FALSE,30 to 39
Amber Lamb,32,Female,1.380924693,113,66,72,93,FALSE,30 to 39
Ashley Brown,45,Female,1.034382603,131,92,74,70,TRUE,40 to 49
Dr. Brent Flores,22,Female,5.066342751,133,73,44,60,TRUE,20 to 29
Samantha Owen,31,Female,5.401425382,128,55,93,85,FALSE,30 to 39
William Gray,42,Male,4.707485431,116,72,84,70,FALSE,40 to 49
Bob Sanders,29,Male,3.945042613,86,85,85,70,FALSE,20 to 29
Tyler Stewart,36,Female,5.215846824,130,93,46,57,TRUE,30 to 39
Robert Frazier,36,Female,3.964674059,144,45,78,100,FALSE,30 to 39
Jeffrey Anderson,41,Male,7.801817101,103,74,92,61,FALSE,40 to 49
Carla Lane,29,Male,6.627805447,122,50,51,51,TRUE,20 to 29
Erin Brown,21,Male,9.087250372,91,80,88,80,FALSE,20 to 29
Dennis Ruiz,34,Male,1.643762269,102,61,77,60,TRUE,30 to 39
Miranda Perez,20,Female,3.711757345,88,52,72,41,FALSE,20 to 29
Daryl Foley,38,Male,7.836847465,141,81,46,92,FALSE,30 to 39
Joshua Carter,26,Female,1.77702219,101,45,82,84,FALSE,20 to 29
Stephanie Becker,44,Male,4.903078998,142,49,64,61,FALSE,40 to 49
Jonathan Long,29,Female,4.525426884,100,64,72,63,FALSE,20 to 29
Michael Morgan,34,Female,9.049784786,129,70,91,40,FALSE,30 to 39
Jacob Cunningham,29,Male,5.942552873,108,68,100,98,TRUE,20 to 29
Brittany Matthews,39,Female,5.268965375,120,73,52,87,FALSE,30 to 39
Daniel Kramer,28,Female,9.840650166,106,74,82,55,TRUE,20 to 29
